asset,bucket,recommendation,opportunity_score,confidence_score,current_phase,rsi2,close,current_oversold_duration,episodes,avg_duration_days,best_entry_day,best_entry_return_pct,avg_ret_day1_hold3_pct,avg_ret_day2_hold3_pct,avg_ret_day3_hold3_pct
LINK,HISTORICAL_WATCHLIST,HISTORICALLY_STRONG_NO_SIGNAL,20,90,NO_OVERSOLD,85.03,7.32,0,106,2.09,DAY3,2.49,0.12,1.59,2.49
XRP,HISTORICAL_WATCHLIST,HISTORICALLY_STRONG_NO_SIGNAL,20,80,NO_OVERSOLD,100.0,1.05,0,98,2.28,DAY3,2.22,-0.25,0.85,2.22
LTC,HISTORICAL_WATCHLIST,HISTORICALLY_STRONG_NO_SIGNAL,15,80,NO_OVERSOLD,100.0,42.35,0,109,1.88,DAY2,1.94,1.05,1.94,1.34
BTC,HISTORICAL_WATCHLIST,HISTORICALLY_STRONG_NO_SIGNAL,15,70,NO_OVERSOLD,100.0,60238.6,0,99,2.13,DAY3,1.59,-0.03,0.75,1.59
AVAX,NO_ACTION,NO_ACTION,15,80,NO_OVERSOLD,65.88,6.41,0,104,2.12,DAY3,1.17,-0.28,-0.24,1.17
DOGE,NO_ACTION,NO_ACTION,15,80,NO_OVERSOLD,45.88,0.07,0,102,2.26,DAY3,1.18,-0.98,0.48,1.18
SOL,NO_ACTION,NO_ACTION,15,70,NO_OVERSOLD,89.89,71.32,0,97,2.31,DAY3,1.44,-0.76,0.53,1.44
ADA,NO_ACTION,NO_ACTION,8,60,NO_OVERSOLD,63.51,0.15,0,98,2.42,DAY2,0.55,-1.0,0.55,0.24
ETH,NO_ACTION,NO_ACTION,0,60,NO_OVERSOLD,100.0,1579.09,0,105,1.99,DAY3,0.3,0.2,0.2,0.3
